Glasses,Emotion
Glasses,Correct
Glasses,Correct
Glasses,Correct
Glasses,Correct
Glasses,Correct
Glasses,Correct
Glasses,Correct
Glasses,Correct
Glasses,Correct
Glasses,Correct
Glasses,Correct
Glasses,Correct
Glasses,Correct
Glasses,Correct
Glasses,Correct
Glasses,Correct
Glasses,Correct
Glasses,Correct
Glasses,Correct
Glasses,Correct
Glasses,Correct
Glasses,Correct
Glasses,Correct
Glasses,Correct
Glasses,Correct
Glasses,Correct
Glasses,Correct
Glasses,Correct
Glasses,Correct
Glasses,Correct
Glasses,Correct
Glasses,Correct
Glasses,Correct
Glasses,Correct
Glasses,Correct
Glasses,Correct
Glasses,Correct
Glasses,Correct
Glasses,Correct
Glasses,Correct
Glasses,Correct
Glasses,Correct
Glasses,Correct
Glasses,Correct
Glasses,Correct
Glasses,Correct
Glasses,Correct
Glasses,Correct
Glasses,Correct
Glasses,Correct
Glasses,Correct
Glasses,Correct
Glasses,Correct
Glasses,Correct
Glasses,Correct
Glasses,Correct
Glasses,Correct
Glasses,Correct
Glasses,Correct
Glasses,Correct
Glasses,Correct
Glasses,Correct
Glasses,Correct
Glasses,Correct
Glasses,Correct
Glasses,Correct
Glasses,Correct
Glasses,Correct
Glasses,Incorrect
Glasses,Incorrect
Glasses,Incorrect
Glasses,Incorrect
Glasses,Incorrect
Glasses,Incorrect
Glasses,Incorrect
Glasses,Incorrect
Glasses,Incorrect
Glasses,Incorrect
Glasses,Incorrect
Glasses,Incorrect
Glasses,Incorrect
Glasses,Incorrect
Glasses,Incorrect
Glasses,Incorrect
Glasses,Incorrect
Glasses,Incorrect
Glasses,Incorrect
Glasses,Incorrect
Glasses,Incorrect
Glasses,Incorrect
Glasses,Incorrect
Glasses,Incorrect
Glasses,Incorrect
Glasses,Incorrect
Glasses,Incorrect
Glasses,Incorrect
Glasses,Incorrect
Glasses,Incorrect
Glasses,Incorrect
Glasses,Incorrect
Glasses,Incorrect
Glasses,Incorrect
Glasses,Incorrect
Glasses,Incorrect
Glasses,Incorrect
Glasses,Incorrect
Glasses,Incorrect
Glasses,Incorrect
Glasses,Incorrect
Glasses,Incorrect
Glasses,Incorrect
Glasses,Incorrect
Glasses,Incorrect
Glasses,Incorrect
Glasses,Incorrect
Glasses,Incorrect
Glasses,Incorrect
No Glasses,Correct
No Glasses,Correct
No Glasses,Correct
No Glasses,Correct
No Glasses,Correct
No Glasses,Correct
No Glasses,Correct
No Glasses,Correct
No Glasses,Correct
No Glasses,Correct
No Glasses,Correct
No Glasses,Correct
No Glasses,Correct
No Glasses,Correct
No Glasses,Correct
No Glasses,Correct
No Glasses,Correct
No Glasses,Correct
No Glasses,Correct
No Glasses,Correct
No Glasses,Correct
No Glasses,Correct
No Glasses,Correct
No Glasses,Correct
No Glasses,Correct
No Glasses,Correct
No Glasses,Correct
No Glasses,Correct
No Glasses,Correct
No Glasses,Correct
No Glasses,Correct
No Glasses,Correct
No Glasses,Correct
No Glasses,Correct
No Glasses,Correct
No Glasses,Correct
No Glasses,Correct
No Glasses,Correct
No Glasses,Correct
No Glasses,Correct
No Glasses,Correct
No Glasses,Correct
No Glasses,Correct
No Glasses,Correct
No Glasses,Correct
No Glasses,Correct
No Glasses,Correct
No Glasses,Correct
No Glasses,Correct
No Glasses,Correct
No Glasses,Correct
No Glasses,Correct
No Glasses,Correct
No Glasses,Correct
No Glasses,Correct
No Glasses,Correct
No Glasses,Correct
No Glasses,Correct
No Glasses,Correct
No Glasses,Correct
No Glasses,Correct
No Glasses,Correct
No Glasses,Correct
No Glasses,Correct
No Glasses,Correct
No Glasses,Correct
No Glasses,Correct
No Glasses,Correct
No Glasses,Correct
No Glasses,Correct
No Glasses,Correct
No Glasses,Correct
No Glasses,Correct
No Glasses,Correct
No Glasses,Correct
No Glasses,Correct
No Glasses,Correct
No Glasses,Correct
No Glasses,Correct
No Glasses,Correct
No Glasses,Correct
No Glasses,Correct
No Glasses,Correct
No Glasses,Correct
No Glasses,Correct
No Glasses,Correct
No Glasses,Correct
No Glasses,Correct
No Glasses,Correct
No Glasses,Correct
No Glasses,Correct
No Glasses,Correct
No Glasses,Correct
No Glasses,Incorrect
No Glasses,Incorrect
No Glasses,Incorrect
No Glasses,Incorrect
No Glasses,Incorrect
No Glasses,Incorrect
No Glasses,Incorrect
No Glasses,Incorrect
No Glasses,Incorrect
No Glasses,Incorrect
No Glasses,Incorrect
No Glasses,Incorrect
No Glasses,Incorrect
No Glasses,Incorrect
No Glasses,Incorrect
No Glasses,Incorrect
No Glasses,Incorrect
No Glasses,Incorrect
No Glasses,Incorrect
No Glasses,Incorrect
No Glasses,Incorrect
No Glasses,Incorrect
No Glasses,Incorrect
No Glasses,Incorrect
No Glasses,Incorrect
No Glasses,Incorrect
No Glasses,Incorrect
No Glasses,Incorrect
No Glasses,Incorrect
No Glasses,Incorrect
No Glasses,Incorrect
No Glasses,Incorrect
No Glasses,Incorrect
No Glasses,Incorrect
No Glasses,Incorrect
No Glasses,Incorrect
No Glasses,Incorrect
No Glasses,Incorrect
No Glasses,Incorrect
No Glasses,Incorrect
No Glasses,Incorrect
No Glasses,Incorrect
