Stone,Vanish
Skull,Remains
Skull,Remains
Skull,Remains
Skull,Remains
Skull,Remains
Skull,Remains
Skull,Remains
Skull,Remains
Skull,Remains
Skull,Remains
Skull,Remains
Skull,Remains
Skull,Remains
Skull,Remains
Skull,Remains
Skull,Remains
Skull,Remains
Skull,Remains
Skull,Remains
Skull,Remains
Skull,Remains
Skull,Remains
Skull,Remains
Skull,Remains
Skull,Remains
Skull,Remains
Skull,Remains
Skull,Remains
Skull,Vanishes
Skull,Vanishes
Skull,Vanishes
Skull,Vanishes
Skull,Vanishes
Skull,Vanishes
Skull,Vanishes
Heart,Remains
Heart,Remains
Heart,Remains
Heart,Remains
Heart,Remains
Heart,Remains
Heart,Remains
Heart,Remains
Heart,Remains
Heart,Remains
Heart,Remains
Heart,Remains
Heart,Remains
Heart,Remains
Heart,Remains
Heart,Remains
Heart,Remains
Heart,Remains
Heart,Remains
Heart,Remains
Heart,Remains
Heart,Remains
Heart,Remains
Heart,Remains
Heart,Remains
Heart,Vanishes
Heart,Vanishes
Heart,Vanishes
Heart,Vanishes
Heart,Vanishes
Heart,Vanishes
Heart,Vanishes
Heart,Vanishes
Heart,Vanishes
Heart,Vanishes
Heart,Vanishes
Heart,Vanishes
Heart,Vanishes
Heart,Vanishes
Heart,Vanishes
Heart,Vanishes
