Oxytocin,Trust
Oxytocin,Trusted
Oxytocin,Trusted
Oxytocin,Trusted
Oxytocin,Trusted
Oxytocin,Trusted
Oxytocin,Trusted
Oxytocin,Trusted
Oxytocin,Trusted
Oxytocin,Trusted
Oxytocin,Trusted
Oxytocin,Trusted
Oxytocin,Trusted
Oxytocin,Trusted
Oxytocin,Trusted
Oxytocin,Trusted
Oxytocin,Trusted
Oxytocin,Trusted
Oxytocin,Trusted
Oxytocin,Trusted
Oxytocin,Trusted
Oxytocin,Trusted
Oxytocin,Trusted
Oxytocin,Trusted
Oxytocin,Trusted
Oxytocin,Trusted
Oxytocin,Trusted
Oxytocin,Trusted
Oxytocin,Trusted
Oxytocin,Trusted
Oxytocin,Trusted
Oxytocin,Trusted
Oxytocin,Trusted
Oxytocin,Trusted
Oxytocin,Trusted
Oxytocin,Trusted
Oxytocin,Did Not Trust
Oxytocin,Did Not Trust
Oxytocin,Did Not Trust
Oxytocin,Did Not Trust
Oxytocin,Did Not Trust
Oxytocin,Did Not Trust
Oxytocin,Did Not Trust
Oxytocin,Did Not Trust
Oxytocin,Did Not Trust
Oxytocin,Did Not Trust
Oxytocin,Did Not Trust
Oxytocin,Did Not Trust
Oxytocin,Did Not Trust
Oxytocin,Did Not Trust
Oxytocin,Did Not Trust
No Oxytocin,Trusted
No Oxytocin,Trusted
No Oxytocin,Trusted
No Oxytocin,Trusted
No Oxytocin,Trusted
No Oxytocin,Trusted
No Oxytocin,Trusted
No Oxytocin,Trusted
No Oxytocin,Trusted
No Oxytocin,Trusted
No Oxytocin,Trusted
No Oxytocin,Trusted
No Oxytocin,Trusted
No Oxytocin,Trusted
No Oxytocin,Trusted
No Oxytocin,Trusted
No Oxytocin,Trusted
No Oxytocin,Trusted
No Oxytocin,Trusted
No Oxytocin,Trusted
No Oxytocin,Trusted
No Oxytocin,Trusted
No Oxytocin,Trusted
No Oxytocin,Trusted
No Oxytocin,Trusted
No Oxytocin,Trusted
No Oxytocin,Trusted
No Oxytocin,Did Not Trust
No Oxytocin,Did Not Trust
No Oxytocin,Did Not Trust
No Oxytocin,Did Not Trust
No Oxytocin,Did Not Trust
No Oxytocin,Did Not Trust
No Oxytocin,Did Not Trust
No Oxytocin,Did Not Trust
No Oxytocin,Did Not Trust
No Oxytocin,Did Not Trust
No Oxytocin,Did Not Trust
No Oxytocin,Did Not Trust
No Oxytocin,Did Not Trust
No Oxytocin,Did Not Trust
No Oxytocin,Did Not Trust
No Oxytocin,Did Not Trust
No Oxytocin,Did Not Trust
No Oxytocin,Did Not Trust
No Oxytocin,Did Not Trust
No Oxytocin,Did Not Trust
No Oxytocin,Did Not Trust
No Oxytocin,Did Not Trust
No Oxytocin,Did Not Trust
